<?xml version='1.0' encoding='UTF-8' ?>
<timeLogEntries>
  <time id="1" path="/Project/PSP0/Planning" start="@1486086265855" delta="18" comment="Leyendo el caso..." />
  <time id="2" path="/Project/PSP0/Design" start="@1486090288262" delta="1" comment="planeando como hacer el diagrama de objetos..." />
  <time id="3" path="/Project/PSP0/Design" start="@1486122553106" delta="28" comment="haciendo el diagrama de objetos..." />
  <time id="4" path="/Project/PSP0/Code" start="@1486124245882" comment="Implementando la clase Trabajador..." />
  <time id="5" path="/Project/PSP0/Code" start="@1486124238723" delta="21" />
  <time id="6" path="/Project/PSP0/Code" start="@1486127800000" delta="129" />
  <time id="7" path="/Project/PSP0/Code" start="@1486128707000" comment="Implementando clase MicroEmpresa..." />
  <time id="9" path="/Project/PSP0/Planning" start="@1486741563061" delta="9" />
  <time id="10" path="/Project/PSP0/Planning" start="@1486743938608" delta="12" />
  <time id="11" path="/Project/PSP0/Planning" start="@1486746918702" delta="6" />
  <time id="12" path="/Project/PSP0/Design" start="@1486747254287" delta="31" />
  <time id="13" path="/Project/PSP0/Design" start="@1486749635884" delta="62" />
  <time id="14" path="/Project/PSP0/Code" start="@1486765419666" delta="1" />
  <time id="15" path="/Project/PSP0/Code" start="@1486765651656" delta="102" />
  <time id="16" path="/Project/PSP0/Code" start="@1486776381691" delta="53" interrupt="6" />
  <time id="18" path="/Project/PSP0/Code" start="@1487333747460" delta="14" />
  <time id="19" path="/project/PSP0/Planning" start="@1487335078478" delta="19" />
  <time id="20" path="/project/PSP0/Code" start="@1487341920875" delta="94" />
  <time id="31" path="/ProyectoAP2/PSP0/Planning" start="@1508091191736" delta="73" />
  <time id="34" path="/ProyectoAP2/PSP0/Design" start="@1508726578614" delta="63" />
  <time id="35" path="/ProyectoAP2/PSP0/Design" start="@1508793998412" delta="4" />
  <time id="36" path="/ProyectoAP2/PSP0/Design" start="@1508794271488" delta="134" />
  <time id="37" path="/ProyectoAP2/PSP0/Code" start="@1508958044673" delta="52" />
  <time id="38" path="/ProyectoAP2/PSP0/Code" start="@1509054733926" delta="190" />
  <time id="41" path="/ProyectoAP2/PSP0/Code" start="@1509157181508" delta="103" />
  <time id="42" path="/ProyectoAP2/PSP0/Code" start="@1509307695140" delta="378" interrupt="19" />
  <time id="43" path="/ProyectoAP2/PSP0/Code" start="@1509399528758" delta="36" />
  <time id="44" path="/ProyectoAP2/PSP0/Code" start="@1509571920632" delta="351" />
  <time id="50" path="/ProyectoAP2/PSP0/Test" start="@1509969143774" delta="78" />
  <time id="51" path="/ProyectoAP2/PSP0/Code" start="@1509973850983" delta="349" />
  <time id="52" path="/Non Project/PSP0/Planning" start="@1510230632950" delta="72" />
  <time id="53" path="/Non Project/PSP0/Code" start="@1510267171469" delta="99" />
  <time id="54" path="/ProyectoAP2/PSP0/Code" start="@1510929835838" delta="34" />
  <time id="55" path="/ProyectoAP2/PSP0/Code" start="@1510933342616" delta="24" />
  <time id="56" path="/ProyectoAP2/PSP0/Code" start="@1510943733895" delta="36" />
  <time id="57" path="/ProyectoAP2/PSP0/Code" start="@1511014030666" delta="374" interrupt="14" />
  <time id="58" path="/ProyectoAP2/PSP0/Code" start="@1511044935040" delta="18" />
  <time id="59" path="/ProyectoAP2/PSP0/Test" start="@1511267109619" delta="39" />
  <time id="60" path="/ProyectoAP2/PSP0/Test" start="@1511271810868" delta="354" />
</timeLogEntries>
